file,Nc,MSE,PSNR,Time_train,Time_encode,Time_decode
2.png,128,67.28652954101562,29.851522317338734,0.4914121627807617,0.07167840003967285,0.0065631866455078125
4.png,128,154.47592163085938,26.242195658953417,0.4914121627807617,0.07516765594482422,0.005524873733520508
2.png,256,59.16346740722656,30.410267419984894,0.787787914276123,0.14757728576660156,0.006541728973388672
4.png,256,152.0264434814453,26.31161225165045,0.787787914276123,0.13039064407348633,0.0045833587646484375
2.png,512,58.008697509765625,30.49587246661682,1.3285744190216064,0.2579176425933838,0.003681182861328125
4.png,512,122.93171691894531,27.234164136544443,1.3285744190216064,0.20926260948181152,0.00412297248840332
2.png,1024,53.65599060058594,30.83462143614673,2.0499045848846436,0.5082974433898926,0.00466156005859375
4.png,1024,117.98295593261719,27.412610881300267,2.0499045848846436,0.4834103584289551,0.004120588302612305
