file,Nc,MSE,PSNR,Time_train
2_Nc128.png,128,67.28652954101562,29.851522317338734,0.5053689479827881
4_Nc128.png,128,154.47592163085938,26.242195658953417,0.5053689479827881
2_Nc256.png,256,59.16346740722656,30.410267419984894,0.9014832973480225
4_Nc256.png,256,152.0264434814453,26.31161225165045,0.9014832973480225
2_Nc512.png,512,58.008697509765625,30.49587246661682,1.5251195430755615
4_Nc512.png,512,122.93171691894531,27.234164136544443,1.5251195430755615
2_Nc1024.png,1024,53.65599060058594,30.83462143614673,2.383756160736084
4_Nc1024.png,1024,117.98295593261719,27.412610881300267,2.383756160736084
