file,Nc,MSE,PSNR,Time_train
2_Nc128.png,128,68.80479431152344,29.754616599798453,10.225013256072998
4_Nc128.png,128,161.94175720214844,26.037215134474717,10.225013256072998
2_Nc256.png,256,60.60832214355469,30.305480995254772,17.9558322429657
4_Nc256.png,256,147.3792724609375,26.446439525743397,17.9558322429657
2_Nc512.png,512,54.77473449707031,30.745000797330544,20.977058172225952
4_Nc512.png,512,126.35263061523438,27.11496072666687,20.977058172225952
2_Nc1024.png,1024,50.18919372558594,31.12470141941014,33.03296113014221
4_Nc1024.png,1024,133.54490661621094,26.874530321245697,33.03296113014221
